{"cameraMode":{"drawMode":0,"name":"Shaded","section":"Shading Mode"},"sceneLighting":false,"audioPlay":false,"sceneViewState":{"m_AlwaysRefresh":false,"showFog":false,"showSkybox":false,"showFlares":false,"showImageEffects":false,"showParticleSystems":false,"showVisualEffectGraphs":true,"m_FxEnabled":true},"in2DMode":false,"pivot":{"x":209.21664428710938,"y":110.69844818115235,"z":-33.194190979003909},"rotation":{"x":-0.01765691116452217,"y":-0.18574672937393189,"z":0.0034890880342572929,"w":-0.982321560382843},"size":4.346575736999512,"orthographic":false}